Address;CardCode;City;State;AdresType
COBRANCA 2;A-6;SAO PAULO;SP;B
FATURAMENTO;A-6;SAO PAULO;SP;S
CobranCa;A-10;CAMPINAS;SP;B
Faturamento;A-10;CAMPINAS;SP;S
COBRANCA;A-14;SAO PAULO;SP;B
FATURAMENTO;A-14;SAO PAULO;SP;S
COBRANCA;A-18;SAO PAULO;SP;B
FATURAMENTO;A-18;SAO PAULO;SP;S
COBRANCA;A-24;SAO PAULO;SP;B
FATURAMENTO;A-24;SAO PAULO;SP;S
COBRANCA;A-32;SAO PAULO;SP;B
FATURAMENTO;A-32;SAO PAULO;SP;S
CobranCa;A-36;SAO PAULO;SP;B
Faturamento;A-36;SAO PAULO;SP;S
COBRANCA;A-38;SAO PAULO;SP;B
FATURAMENTO;A-38;SAO PAULO;SP;S
COBRANCA;A-42;BRASILIA;DF;B
FATURAMENTO;A-42;BRASILIA;DF;S
COBRANCA;A-48;SAO PAULO;SP;B
FATURAMENTO;A-48;SAO PAULO;SP;S
CobranCa;A-50;SAO PAULO;SP;B
Faturamento;A-50;SAO PAULO;SP;S
COBRANCA;A-52;SAO PAULO;SP;B
FATURAMENTO;A-52;SAO PAULO;SP;S
COBRANCA;A-56;SAO PAULO;SP;B
FATURAMENTO;A-56;SAO PAULO;SP;S
COBRANCA;A-58;SAO PAULO;SP;B
FATURAMENTO;A-58;SAO PAULO;SP;S
CobranCa;A-62;SAO PAULO;SP;B
Faturamento;A-62;SAO PAULO;SP;S
COBRANCA;A-74;SAO PAULO;SP;B
FATURAMENTO;A-74;SAO PAULO;SP;S
CobranCa;A-78;SAO PAULO;SP;B
Faturamento;A-78;SAO PAULO;SP;S
COBRANCA;A-82;SAO PAULO;SP;B
FATURAMENTO;A-82;SAO PAULO;SP;S
CobranCa;A-84;SAO PAULO;SP;B
Faturamento;A-84;SAO PAULO;SP;S
CobranCa;A-88;SAO PAULO;SP;B
Faturamento;A-88;SAO PAULO;SP;S
COBRANCA;A-104;SAO PAULO;SP;B
FATURAMENTO;A-104;SAO PAULO;SP;S
CobranCa;A-118;SAO PAULO;SP;B
Faturamento;A-118;SAO PAULO;SP;S
COBRANCA;A-122;SAO PAULO;SP;B
FATURAMENTO;A-122;SAO PAULO;SP;S
CobranCa;A-128;SAO PAULO;SP;B
Faturamento;A-128;SAO PAULO;SP;S
CobranCa;A-132;SAO PAULO;SP;B
Faturamento;A-132;SAO PAULO;SP;S
CobranCa;A-134;SAO PAULO;SP;B
Faturamento;A-134;SAO PAULO;SP;S
COBRANCA;A-136;SAO PAULO;SP;B
FATURAMENTO;A-136;SAO PAULO;SP;S
COBRANCA;A-138;SAO PAULO;SP;B
FATURAMENTO;A-138;SAO PAULO;SP;S
COBRANCA;A-146;SAO PAULO;SP;B
FATURAMENTO;A-146;SAO PAULO;SP;S
CobranCa;A-148;SAO PAULO;SP;B
Faturamento;A-148;SAO PAULO;SP;S
CobranCa;A-152;SAO PAULO;SP;B
Faturamento;A-152;SAO PAULO;SP;S
COBRANCA;A-176;RIO DE JANEIRO;RJ;B
FATURAMENTO;A-176;RIO DE JANEIRO;RJ;S
CobranCa;A-180;SAO PAULO;SP;B
Faturamento;A-180;SAO PAULO;SP;S
COBRANCA;A-202;SAO PAULO;SP;B
FATURAMENTO;A-202;SAO PAULO;SP;S
CobranCa;A-208;SAO JOSE DOS CAMPOS;SP;B
Faturamento;A-208;SAO JOSE DOS CAMPOS;SP;S
CobranCa;A-210;SAO PAULO;SP;B
Faturamento;A-210;SAO PAULO;SP;S
COBRANCA;A-222;SAO PAULO;SP;B
FATURAMENTO;A-222;SAO PAULO;SP;S
COBRANCA;A-228;OSASCO;SP;B
FATURAMENTO;A-228;OSASCO;SP;S
COBRANCA;A-246;SAO PAULO;SP;B
FATURAMENTO;A-246;SAO PAULO;SP;S
CobranCa;A-276;SAO PAULO;SP;B
Faturamento;A-276;SAO PAULO;SP;S
CobranCa;A-290;BURITI DO TOCANTINS;TO;B
Faturamento;A-290;BURITI DO TOCANTINS;TO;S
COBRANCA;A-296;RIO DE JANEIRO;RJ;B
FATURAMENTO;A-296;RIO DE JANEIRO;RJ;S
COBRANCA;A-308;SAO PAULO;SP;B
FATURAMENTO;A-308;SAO PAULO;SP;S
CobranCa;A-330;TABOAO DA SERRA;SP;B
Faturamento;A-330;TABOAO DA SERRA;SP;S
CobranCa;A-340;BARRETOS;SP;B
Faturamento;A-340;BARRETOS;SP;S
COBRANCA;A-348;SAO PAULO;SP;B
FATURAMENTO;A-348;SAO PAULO;SP;S
COBRANCA;A-350;SAO PAULO;SP;B
FATURAMENTO;A-350;SAO PAULO;SP;S
COBRANCA;A-352;RIO DE JANEIRO;RJ;B
FATURAMENTO;A-352;RIO DE JANEIRO;RJ;S
CobranCa;A-362;SALVADOR;BA;B
Faturamento;A-362;SALVADOR;BA;S
CobranCa;A-364;SALVADOR;BA;B
Faturamento;A-364;SALVADOR;BA;S
CobranCa;A-368;SALVADOR;BA;B
Faturamento;A-368;SALVADOR;BA;S
CobranCa;A-370;SAO PAULO;SP;B
Faturamento;A-370;SAO PAULO;SP;S
COBRANCA;A-374;SAO PAULO;SP;B
FATURAMENTO;A-374;SAO PAULO;SP;S
CobranCa;A-382;SAO PAULO;SP;B
Faturamento;A-382;SAO PAULO;SP;S
COBRANCA;A-384;SAO PAULO;SP;B
FATURAMENTO;A-384;SAO PAULO;SP;S
CobranCa;A-390;SAO PAULO;SP;B
Faturamento;A-390;SAO PAULO;SP;S
CobranCa;A-400;SAO PAULO;SP;B
Faturamento;A-400;SAO PAULO;SP;S
CobranCa;A-406;SAO PAULO;SP;B
Faturamento;A-406;SAO PAULO;SP;S
CobranCa;A-414;SALVADOR;BA;B
Faturamento;A-414;SALVADOR;BA;S
COBRANCA;A-428;SAO PAULO;SP;B
FATURAMENTO;A-428;SAO PAULO;SP;S
CobranCa;A-432;SAO PAULO;SP;B
Faturamento;A-432;SAO PAULO;SP;S
COBRANCA;A-458;SAO BERNARDO DO CAMPO;SP;B
FATURAMENTO;A-458;SAO BERNARDO DO CAMPO;SP;S
CobranCa;A-464;SAO PAULO;SP;B
Faturamento;A-464;SAO PAULO;SP;S
CobranCa;A-468;SALVADOR;BA;B
Faturamento;A-468;SALVADOR;BA;S
COBRANCA;A-470;SAO PAULO;SP;B
FATURAMENTO;A-470;SAO PAULO;SP;S
CobranCa;A-486;LOUVEIRA;SP;B
Faturamento;A-486;SAO PAULO;SP;S
CobranCa;A-496;SAO PAULO;SP;B
Faturamento;A-496;SAO PAULO;SP;S
COBRANCA;A-528;RIO DE JANEIRO;RJ;B
FATURAMENTO;A-528;RIO DE JANEIRO;RJ;S
CobranCa;A-538;SAO PAULO;SP;B
Faturamento;A-538;SAO PAULO;SP;S
COBRANCA;A-542;RIO DE JANEIRO;RJ;B
FATURAMENTO;A-542;RIO DE JANEIRO;RJ;S
COBRANCA;A-564;SAO PAULO;SP;B
FATURAMENTO;A-564;SAO PAULO;SP;S
CobranCa;A-566;CASCAVEL;PR;B
Faturamento;A-566;CASCAVEL;PR;S
COBRANCA;A-576;SAO PAULO;SP;B
FATURAMENTO;A-576;SAO PAULO;SP;S
COBRANCA;A-578;SOROCABA;SP;B
FATURAMENTO;A-578;SOROCABA;SP;S
COBRANCA;A-586;SAO PAULO;SP;B
FATURAMENTO;A-586;SAO PAULO;SP;S
CobranCa;A-600;RIO DE JANEIRO;RJ;B
Faturamento;A-600;RIO DE JANEIRO;RJ;S
COBRANCA;A-602;SANTO ANDRE;SP;B
FATURAMENTO;A-602;SANTO ANDRE;SP;S
CobranCa;A-614;RIO DE JANEIRO;RJ;B
Faturamento;A-614;RIO DE JANEIRO;RJ;S
COBRANCA;A-636;DUQUE DE CAXIAS;RJ;B
FATURAMENTO;A-636;DUQUE DE CAXIAS;RJ;S
COBRANCA;A-654;GUARULHOS;SP;B
FATURAMENTO;A-654;GUARULHOS;SP;S
CobranCa;A-658;RIBEIRAO PRETO;SP;B
Faturamento;A-658;RIBEIRAO PRETO;SP;S
CobranCa;A-662;SALVADOR;BA;B
Faturamento;A-662;SALVADOR;BA;S
CobranCa;A-664;RIO DE JANEIRO;RJ;B
Faturamento;A-664;RIO DE JANEIRO;RJ;S
COBRANCA;A-692;SAO PAULO;SP;B
FATURAMENTO;A-692;SAO PAULO;SP;S
COBRANCA;A-694;SAO JOSE DO RIO PRETO;SP;B
FATURAMENTO;A-694;SAO JOSE DO RIO PRETO;SP;S
CobranCa;A-696;BELEM;PA;B
Faturamento;A-696;BELEM;PA;S
CobranCa;A-704;SALVADOR;BA;B
Faturamento;A-704;SALVADOR;BA;S
COBRANCA;A-712;RIO DE JANEIRO;RJ;B
FATURAMENTO;A-712;RIO DE JANEIRO;RJ;S
CobranCa;A-716;SAO JOSE DOS CAMPOS;SP;B
Faturamento;A-716;SAO JOSE DOS CAMPOS;SP;S
CobranCa;A-720;CAMPINAS;SP;B
Faturamento;A-720;CAMPINAS;SP;S
CobranCa;A-782;SAO PAULO;SP;B
Faturamento;A-782;SAO PAULO;SP;S
CobranCa;A-800;SAO PAULO;SP;B
Faturamento;A-800;SAO PAULO;SP;S
CobranCa;A-802;SAO PAULO;SP;B
Faturamento;A-802;SAO PAULO;SP;S
CobranCa;A-808;SAO JOSE DOS CAMPOS;SP;B
Faturamento;A-808;SAO JOSE DOS CAMPOS;SP;S
CobranCa;A-832;RIO DE JANEIRO;RJ;B
Faturamento;A-832;RIO DE JANEIRO;RJ;S
COBRANCA;A-834;RIO DE JANEIRO;RJ;B
FATURAMENTO;A-834;RIO DE JANEIRO;RJ;S
CobranCa;A-854;SAO PAULO;SP;B
Faturamento;A-854;SAO PAULO;SP;S
CobranCa;A-856;SAO PAULO;SP;B
Faturamento;A-856;SAO PAULO;SP;S
CobranCa;A-870;SALVADOR;BA;B
Faturamento;A-870;SALVADOR;BA;S
CobranCa;A-876;SALVADOR;BA;B
Faturamento;A-876;SALVADOR;BA;S
CobranCa;A-880;SALVADOR;BA;B
Faturamento;A-880;SALVADOR;BA;S
CobranCa;A-906;SABARA;MG;B
Faturamento;A-906;SABARA;MG;S
COBRANCA;A-934;RIO DE JANEIRO;RJ;B
FATURAMENTO;A-934;RIO DE JANEIRO;RJ;S
COBRANCA;A-938;SAO PAULO;SP;B
FATURAMENTO;A-938;SAO PAULO;SP;S
COBRANCA;A-962;ANANINDEUA;PA;B
FATURAMENTO;A-962;ANANINDEUA;PA;S
COBRANCA;A-990;SALVADOR;BA;B
FATURAMENTO;A-990;SALVADOR;BA;S
CobranCa;A-994;ITAPIRA;SP;B
Faturamento;A-994;ITAPIRA;SP;S
CobranCa;A-1014;FEIRA DE SANTANA;BA;B
Faturamento;A-1014;FEIRA DE SANTANA;BA;S
CobranCa;A-1046;SAO PAULO;SP;B
Faturamento;A-1046;SAO PAULO;SP;S
COBRANCA;A-1048;TABOAO DA SERRA;SP;B
FATURAMENTO;A-1048;TABOAO DA SERRA;SP;S
CobranCa;A-1062;COSMOPOLIS;SP;B
Faturamento;A-1062;COSMOPOLIS;SP;S
CobranCa;A-1070;GOIÂNIA;GO;B
Faturamento;A-1070;GOIÂNIA;GO;S
Faturamento;A-1074;SANTANA DE PARNAIBA;SP;S
CobranCa;A-1074;SAO PAULO;SP;B
CobranCa;A-1090;SALVADOR;BA;B
Faturamento;A-1090;SALVADOR;BA;S
CobranCa;A-1092;SAO PAULO;SP;B
Faturamento;A-1092;SAO PAULO;SP;S
CobranCa;A-1106;SAO PAULO;SP;B
Faturamento;A-1106;SAO PAULO;SP;S
CobranCa;A-1114;RIO DE JANEIRO;RJ;B
Faturamento;A-1114;RIO DE JANEIRO;RJ;S
CobranCa;A-1116;SAO PAULO;SP;B
Faturamento;A-1116;SAO PAULO;SP;S
CobranCa;A-1138;SAO PAULO;SP;B
Faturamento;A-1138;SAO PAULO;SP;S
CobranCa;A-1172;SALVADOR;BA;B
Faturamento;A-1172;SALVADOR;BA;S
CobranCa;A-1194;RIO DE JANEIRO;RJ;B
Faturamento;A-1194;RIO DE JANEIRO;RJ;S
CobranCa;A-1256;MOGI DAS CRUZES;SP;B
Faturamento;A-1256;MOGI DAS CRUZES;SP;S
CobranCa;A-1260;SAO PAULO;SP;B
Faturamento;A-1260;SAO PAULO;SP;S
CobranCa;A-1276;SALVADOR;BA;B
Faturamento;A-1276;SALVADOR;BA;S
CobranCa;A-1302;VARZEA PAULISTA;SP;B
Faturamento;A-1302;VARZEA PAULISTA;SP;S
CobranCa;A-1304;SAO PAULO;SP;B
Faturamento;A-1304;SAO PAULO;SP;S
COBRANCA;A-1336;BARUERI;SP;B
FATURAMENTO;A-1336;BARUERI;SP;S
CobranCa;A-1480;PETROLINA;PE;B
Faturamento;A-1480;PETROLINA;PE;S
CobranCa;A-1514;BELO HORIZONTE;MG;B
Faturamento;A-1514;BELO HORIZONTE;MG;S
CobranCa;A-1558;SAO PAULO;SP;B
Faturamento;A-1558;SAO PAULO;SP;S
CobranCa;A-1584;SAO PAULO;SP;B
Faturamento;A-1584;SAO PAULO;SP;S
CobranCa;A-1588;MARITUBA;PA;B
Faturamento;A-1588;MARITUBA;PA;S
CobranCa;A-1636;CURITIBA;PR;B
Faturamento;A-1636;CURITIBA;PR;S
COBRANCA;A-1646;RIO DE JANEIRO;RJ;B
FATURAMENTO;A-1646;RIO DE JANEIRO;RJ;S
COBRANCA;A-1682;RIO DE JANEIRO;RJ;B
FATURAMENTO;A-1682;RIO DE JANEIRO;RJ;S
CobranCa;A-1716;Curitiba;PR;B
Faturamento;A-1716;Curitiba;PR;S
COBRANCA;A-1752;PEDERNEIRAS;SP;B
FATURAMENTO;A-1752;PEDERNEIRAS;SP;S
CobranCa;A-1760;CURITIBA;PR;B
Faturamento;A-1760;CURITIBA;PR;S
CobranCa;A-1776;SAO PAULO;SP;B
Faturamento;A-1776;SAO PAULO;SP;S
CobranCa;A-1778;SAO PAULO;SP;B
Faturamento;A-1778;SAO PAULO;SP;S
COBRANCA;A-1792;SAO PAULO;SP;B
FATURAMENTO;A-1792;SAO PAULO;SP;S
CobranCa;A-1846;VITORIA;ES;B
Faturamento;A-1846;VITORIA;ES;S
COBRANCA;A-1852;RIO DE JANEIRO;RJ;B
FATURAMENTO;A-1852;RIO DE JANEIRO;RJ;S
CobranCa;A-1868;SALVADOR;BA;B
Faturamento;A-1868;SALVADOR;BA;S
COBRANCA;A-1884;RIO DE JANEIRO;RJ;B
FATURAMENTO;A-1884;RIO DE JANEIRO;RJ;S
CobranCa;A-1892;VALINHOS;SP;B
Faturamento;A-1892;VALINHOS;SP;S
COBRANCA;A-1896;SAO PAULO;SP;B
FATURAMENTO;A-1896;SAO PAULO;SP;S
CobranCa;A-1902;PORTO FELIZ;SP;B
Faturamento;A-1902;PORTO FELIZ;SP;S
Cobranca;A-2014;SAO PAULO;SP;B
Faturamento;A-2014;SAO PAULO;SP;S
COBRANCA;A-2046;RECIFE;PE;B
FATURAMENTO;A-2046;RECIFE;PE;S
CobranCa;A-2100;SAO PAULO;SP;B
Faturamento;A-2100;SAO PAULO;SP;S
COBRANCA;A-2110;FORTALEZA;CE;B
FATURAMENTO;A-2110;FORTALEZA;CE;S
COBRANCA;A-2142;SAO JOAO DO PIAUI;PI;B
FATURAMENTO;A-2142;SAO JOAO DO PIAUI;PI;S
CobranCa;A-2180;SAO PAULO;SP;B
Faturamento;A-2180;SAO PAULO;SP;S
CobranCa;A-2208;SAO PAULO;SP;B
Faturamento;A-2208;SAO PAULO;SP;S
COBRANCA;A-2246;NITEROI;RJ;B
FATURAMENTO;A-2246;NITEROI;RJ;S
CobranCa;A-2278;SAO PAULO;SP;B
Faturamento;A-2278;SAO PAULO;SP;S
CobranCa;A-2286;CAMPINAS;SP;B
Faturamento;A-2286;CAMPINAS;SP;S
COBRANCA;A-2350;PORTO FELIZ;SP;B
FATURAMENTO;A-2350;PORTO FELIZ;SP;S
CobranCa;A-2374;MOSSORO;RN;B
Faturamento;A-2374;MOSSORO;RN;S
COBRANCA;A-2414;SAO PAULO;SP;B
FATURAMENTO;A-2414;SAO PAULO;SP;S
CobranCa;A-2446;SAO PAULO;SP;B
Faturamento;A-2446;SAO PAULO;SP;S
COBRANCA;A-2454;SAO BERNARDO DO CAMPO;SP;B
FATURAMENTO;A-2454;SAO BERNARDO DO CAMPO;SP;S
COBRANCA;A-2466;BRASILIA;DF;B
FATURAMENTO;A-2466;BRASILIA;DF;S
COBRANCA;A-2488;RIO DE JANEIRO;RJ;B
FATURAMENTO;A-2488;RIO DE JANEIRO;RJ;S
COBRANCA;A-2526;RIO DE JANEIRO;RJ;B
FATURAMENTO;A-2526;RIO DE JANEIRO;RJ;S
CobranCa;A-2546;SAO PAULO;SP;B
Faturamento;A-2546;SAO PAULO;SP;S
CobranCa;A-2548;SAO PAULO;SP;B
Faturamento;A-2548;SAO PAULO;SP;S
CobranCa;A-2574;GUARULHOS;SP;B
Faturamento;A-2574;GUARULHOS;SP;S
COBRANCA;A-2606;SAO PAULO;SP;B
FATURAMENTO;A-2606;SAO PAULO;SP;S
CobranCa;A-2644;COTIA;SP;B
Faturamento;A-2644;COTIA;SP;S
COBRANCA;A-2680;RIO DE JANEIRO;RJ;B
FATURAMENTO;A-2680;RIO DE JANEIRO;RJ;S
CobranCa;A-2726;BRASILIA;DF;B
Faturamento;A-2726;BRASILIA;DF;S
CobranCa;A-2792;SALVADOR;BA;B
Faturamento;A-2792;SALVADOR;BA;S
CobranCa;A-2866;SAO PAULO;SP;B
Faturamento;A-2866;SAO PAULO;SP;S
CobranCa;A-2942;BRASILIA;DF;B
Faturamento;A-2942;BRASILIA;DF;S
COBRANCA;A-2944;NITEROI;RJ;B
FATURAMENTO;A-2944;NITEROI;RJ;S
CobranCa;A-2966;BELEM;PA;B
Faturamento;A-2966;BELEM;PA;S
COBRANCA;A-3050;RIO DE JANEIRO;RJ;B
FATURAMENTO;A-3050;RIO DE JANEIRO;RJ;S
COBRANCA;A-3064;SAO PAULO;SP;B
FATURAMENTO;A-3064;SAO PAULO;SP;S
COBRANCA;A-3072;NITEROI;RJ;B
FATURAMENTO;A-3072;NITEROI;RJ;S
COBRANCA;A-3074;RIO DE JANEIRO;RJ;B
FATURAMENTO;A-3074;RIO DE JANEIRO;RJ;S
CobranCa;A-3078;SAO PAULO;SP;B
Faturamento;A-3078;SAO PAULO;SP;S
COBRANCA;A-3102;RIO DE JANEIRO;RJ;B
FATURAMENTO;A-3102;RIO DE JANEIRO;RJ;S
CobranCa;A-3104;CAMPOS DOS GOYTACAZES;RJ;B
Faturamento;A-3104;CAMPOS DOS GOYTACAZES;RJ;S
COBRANCA;A-3162;CURITIBA;PR;B
FATURAMENTO;A-3162;CURITIBA;PR;S
COBRANCA;A-3166;SAO PAULO;SP;B
FATURAMENTO;A-3166;SAO PAULO;SP;S
COBRANCA;A-3178;SAO PAULO;SP;B
FATURAMENTO;A-3178;SAO PAULO;SP;S
Faturamento;A-3190;SAO PAULO;SP;B
Faturamento;A-3190;SAO PAULO;SP;S
COBRANCA;A-3204;CURITIBA;PR;B
FATURAMENTO;A-3204;CURITIBA;PR;S
COBRANCA;A-3208;BARUERI;SP;B
FATURAMENTO;A-3208;BARUERI;SP;S
COBRANCA;A-3232;SAO BERNARDO DO CAMPO;SP;B
FATURAMENTO;A-3232;SAO BERNARDO DO CAMPO;SP;S
Faturamento;A-3254;RIO DE JANEIRO;RJ;B
Faturamento;A-3254;RIO DE JANEIRO;RJ;S
COBRANCA;A-3266;BELO HORIZONTE;MG;B
Faturamento;A-3266;BELO HORIZONTE;MG;S
Faturamento;A-3268;CURITIBA;PR;B
Faturamento;A-3268;CURITIBA;PR;S
COBRANCA;A-3270;CURITIBA;PR;B
FATURAMENTO;A-3270;CURITIBA;PR;S
Faturamento;A-3278;SAO PAULO;SP;B
Faturamento;A-3278;SAO PAULO;SP;S
Faturamento;A-3280;SAO PAULO;SP;B
Faturamento;A-3280;SAO PAULO;SP;S
CobranCa;A-3282;SAO PAULO;SP;B
Faturamento;A-3282;SAO PAULO;SP;S
Faturamento;A-3288;SAO PAULO;SP;B
Faturamento;A-3288;SAO PAULO;SP;S
COBRANCA;A-3298;RIO DE JANEIRO;RJ;B
FATURAMENTO;A-3298;RIO DE JANEIRO;RJ;S
COBRANCA;A-3320;SAO PAULO;SP;B
FATURAMENTO;A-3320;SAO PAULO;SP;S
COBRANCA;A-3334;RIO DE JANEIRO;RJ;B
FATURAMENTO;A-3334;RIO DE JANEIRO;RJ;S
Faturamento;A-3346;FEIRA DE SANTANA;BA;B
Faturamento;A-3346;FEIRA DE SANTANA;BA;S
Faturamento;A-3360;CAMPO FORMOSO;BA;B
Faturamento;A-3360;CAMPO FORMOSO;BA;S
COBRANCA;A-3362;CAMPO GRANDE;MS;B
Faturamento;A-3362;CAMPO GRANDE;MS;S
Faturamento;A-3386;IMPERATRIZ;MA;B
Faturamento;A-3386;IMPERATRIZ;MA;S
COBRANCA;A-3394;ITAOCARA;RJ;B
FATURAMENTO;A-3394;ITAOCARA;RJ;S
COBRANCA;A-3398;LAJEADO;RS;B
FATURAMENTO;A-3398;LAJEADO;RS;S
ENTREGA PEDIDO 939;A-3398;FLORIANOPOLIS;SC;S
ENTREGA SC;A-3398;FLORIANOPOLIS;SC;S
COBRANCA;A-3428;RIO DE JANEIRO;RJ;B
FATURAMENTO;A-3428;RIO DE JANEIRO;RJ;S
COBRANCA;A-3432;SAO BERNARDO DO CAMPO;SP;B
FATURAMENTO;A-3432;SAO BERNARDO DO CAMPO;SP;S
COBRANCA;A-3440;SALTO;SP;B
FATURAMENTO;A-3440;SALTO;SP;S
COBRANCA;A-3450;OSASCO;SP;B
FATURAMENTO;A-3450;SAO PAULO;SP;S
Faturamento;A-3452;SAO PAULO;SP;B
Faturamento;A-3452;SAO PAULO;SP;S
Faturamento;A-3460;SAO PAULO;SP;B
Faturamento;A-3460;SAO PAULO;SP;S
COBRANCA;A-3466;SAO PAULO;SP;B
FATURAMENTO;A-3466;SAO PAULO;SP;S
COBRANCA;A-3478;SAO PAULO;SP;B
FATURAMENTO;A-3478;SAO PAULO;SP;S
Faturamento;A-3490;SAO PAULO;SP;B
Faturamento;A-3490;SAO PAULO;SP;S
COBRANCA;A-3508;BELO HORIZONTE;MG;B
FATURAMENTO;A-3508;BELO HORIZONTE;MG;S
COBRANCCA;A-3514;VITORIA;ES;B
Faturamento;A-3514;VITORIA;ES;S
Faturamento;A-3532;SALVADOR;BA;B
Faturamento;A-3532;SALVADOR;BA;S
COBRANCA;A-3544;RIO DE JANEIRO;RJ;B
Faturamento;A-3544;RIO DE JANEIRO;RJ;S
Faturamento;A-3584;SAO PAULO;SP;B
Faturamento;A-3584;SAO PAULO;SP;S
Faturamento;A-3586;SAO PAULO;SP;B
Faturamento;A-3586;SAO PAULO;SP;S
Faturamento;A-3592;SAO PAULO;SP;B
Faturamento;A-3592;SAO PAULO;SP;S
COBRANCA;A-3598;SAO PAULO;SP;B
Faturamento;A-3598;SAO PAULO;SP;S
COBRANCA;A-3600;SAO PAULO;SP;B
Faturamento;A-3600;SAO PAULO;SP;S
COBRANCA;A-3602;SAO PAULO;SP;B
FATURAMENTO;A-3602;SAO PAULO;SP;S
Faturamento;A-3614;CURITIBA;PR;B
Faturamento;A-3614;CURITIBA;PR;S
COBRANCA;A-3624;SAO PAULO;SP;B
FATURAMENTO;A-3624;SAO PAULO;SP;S
COBRANCA;A-3714;SAO JOSE DOS CAMPOS;SP;B
Faturamento;A-3714;SAO JOSE DOS CAMPOS;SP;S
Faturamento;A-3720;SAO PAULO;SP;B
Faturamento;A-3720;SAO PAULO;SP;S
Faturamento;A-3722;GUARULHOS;SP;B
Faturamento;A-3722;GUARULHOS;SP;S
COBRANCA;A-3726;SAO PAULO;SP;B
FATURAMENTO;A-3726;SAO PAULO;SP;S
Faturamento;A-3728;CAMPINAS;SP;B
Faturamento;A-3728;CAMPINAS;SP;S
COBRANCA;A-3730;FLORIANOPOLIS;SC;B
Faturamento;A-3730;FLORIANOPOLIS;SC;S
Faturamento;A-3750;SAO PAULO;SP;B
Faturamento;A-3750;SAO PAULO;SP;S
Faturamento;A-3764;BARRA DO PIRAI;RJ;B
Faturamento;A-3764;BARRA DO PIRAI;RJ;S
COBRANCA;A-3792;SAO CAETANO DO SUL;SP;B
Faturamento;A-3792;SAO CAETANO DO SUL;SP;S
Faturamento;A-3796;SALVADOR;BA;B
Faturamento;A-3796;SALVADOR;BA;S
COBRANCA;A-3798;RIO DAS OSTRAS;RJ;B
FATURAMENTO;A-3798;RIO DAS OSTRAS;RJ;S
COBRANCA;A-3800;CASCAVEL;PR;B
FATURAMENTO;A-3800;CASCAVEL;PR;S
Faturamento;A-3806;SAO PAULO;SP;B
Faturamento;A-3806;SAO PAULO;SP;S
Faturamento;A-3808;SAO PAULO;SP;B
Faturamento;A-3808;SAO PAULO;SP;S
CobranCa;A-3810;SALVADOR;BA;B
Faturamento;A-3810;SALVADOR;BA;S
COBRANCA;A-3816;SAO PAULO;SP;B
FATURAMENTO;A-3816;SAO PAULO;SP;S
Faturamento;A-3818;GUARULHOS;SP;B
Faturamento;A-3818;GUARULHOS;SP;S
COBRANCA;A-3828;RIO DE JANEIRO;RJ;B
FATURAMENTO;A-3828;RIO DE JANEIRO;RJ;S
COBRANCA;A-3838;JABOATAO GUARARAPES;PE;B
Faturamento;A-3838;JABOATAO GUARARAPES;PE;S
Faturamento;A-3844;SAO PAULO;SP;B
Faturamento;A-3844;SAO PAULO;SP;S
CobranCa;A-3858;SAO PAULO;SP;B
Faturamento;A-3858;SAO PAULO;SP;S
Faturamento;A-3868;SALVADOR;BA;B
Faturamento;A-3868;SALVADOR;BA;S
Faturamento;A-3870;SALVADOR;BA;B
Faturamento;A-3870;SALVADOR;BA;S
Faturamento;A-3878;SAO PAULO;SP;B
Faturamento;A-3878;SAO PAULO;SP;S
COBRANCA;A-3890;SAO PAULO;SP;B
Faturamento;A-3890;SAO PAULO;SP;S
COBRANCA;A-3908;CURITIBA;PR;B
FATURAMENTO;A-3908;CURITIBA;PR;S
COBRANCA;A-3910;CURITIBA;PR;B
FATURAMENTO;A-3910;CURITIBA;PR;S
Faturamento;A-3924;SALVADOR;BA;B
Faturamento;A-3924;SALVADOR;BA;S
COBRANCA;A-3930;BELO HORIZONTE;MG;B
FATURAMENTO;A-3930;BELO HORIZONTE;MG;S
CobranCa;A-3944;PORTO ALEGRE;RS;B
Faturamento;A-3944;PORTO ALEGRE;RS;S
Faturamento;A-3948;SAO PAULO;SP;B
Faturamento;A-3948;SAO PAULO;SP;S
Faturamento;A-3960;SAO CAETANO DO SUL;SP;B
Faturamento;A-3960;SAO CAETANO DO SUL;SP;S
Faturamento;A-3964;SALVADOR;BA;B
Faturamento;A-3964;SALVADOR;BA;S
Faturamento;A-3986;BRASILIA;DF;B
Faturamento;A-3986;BRASILIA;DF;S
Faturamento;A-3996;SAO PAULO;SP;B
Faturamento;A-3996;SAO PAULO;SP;S
Faturamento;A-4000;SAO PAULO;SP;B
Faturamento;A-4000;SAO PAULO;SP;S
Faturamento;A-4004;RIO DE JANEIRO;RJ;B
Faturamento;A-4004;RIO DE JANEIRO;RJ;S
COBRANCA;A-4006;RIO DE JANEIRO;RJ;B
FATURAMENTO;A-4006;RIO DE JANEIRO;RJ;S
COBRANCA;A-4008;RIO DE JANEIRO;RJ;B
FATURAMENTO;A-4008;RIO DE JANEIRO;RJ;S
Faturamento;A-4046;SAO PAULO;SP;B
Faturamento;A-4046;SAO PAULO;SP;S
Faturamento;A-4058;SAO PAULO;SP;B
Faturamento;A-4058;SAO PAULO;SP;S
Faturamento;A-4060;SAO PAULO;SP;B
Faturamento;A-4060;SAO PAULO;SP;S
Faturamento;A-4062;SAO PAULO;SP;B
Faturamento;A-4062;SAO PAULO;SP;S
COBRANCA;A-4066;SAO PAULO;SP;B
FATURAMENTO;A-4066;SAO PAULO;SP;S
COBRANCA;A-4086;JUNDIAI;SP;B
Faturamento;A-4086;JUNDIAI;SP;S
Faturamento;A-4088;SAO PAULO;SP;B
Faturamento;A-4088;SAO PAULO;SP;S
Faturamento;A-4096;SAO PAULO;SP;B
Faturamento;A-4096;SAO PAULO;SP;S
Faturamento;A-4098;SAO PAULO;SP;B
Faturamento;A-4098;SAO PAULO;SP;S
COBRANCA;A-4100;SAO PAULO;SP;B
FATURAMENTO;A-4100;SAO PAULO;SP;S
Faturamento;A-4102;SAO PAULO;SP;B
Faturamento;A-4102;SAO PAULO;SP;S
COBRANCA;A-4110;SAO PAULO;SP;B
FATURAMENTO;A-4110;SAO PAULO;SP;S
COBRANCA;A-4132;SAO PAULO;SP;B
FATURAMENTO;A-4132;SAO PAULO;SP;S
COBRANCA;A-4136;PINHAIS;PR;B
FATURAMENTO;A-4136;PINHAIS;PR;S
COBRANCA;A-4152;RIO CLARO;SP;B
Faturamento;A-4152;RIO CLARO;SP;S
COBRANCA;A-4164;RECIFE;PE;B
FATURAMENTO;A-4164;RECIFE;PE;S
COBRANCA;A-4166;SALVADOR;BA;B
FATURAMENTO;A-4166;SALVADOR;BA;S
COBRANCA;A-4168;SAO BERNARDO DO CAMPO;SP;B
FATURAMENTO;A-4168;SAO BERNARDO DO CAMPO;SP;S
COBRANCA;A-4170;SAO PAULO;SP;B
FATURAMENTO;A-4170;SAO PAULO;SP;S
COBRANCA;A-4174;SAO PAULO;SP;B
FATURAMENTO;A-4174;SAO PAULO;SP;S
COBRANCA;A-4178;SAO PAULO;SP;B
FATURAMENTO;A-4178;SAO PAULO;SP;S
COBRANCA;A-4186;SAO PAULO;SP;B
FATURAMENTO;A-4186;SAO PAULO;SP;S
COBRANCA;A-4194;SAO PAULO;SP;B
FATURAMENTO;A-4194;SAO PAULO;SP;S
COBRANCA;A-4196;SALVADOR;BA;B
FATURAMENTO;A-4196;SALVADOR;BA;S
COBRANCA;A-4202;SAO PAULO;SP;B
FATURAMENTO;A-4202;SAO PAULO;SP;S
COBRANCA;A-4208;RIO DE JANEIRO;RJ;B
FATURAMENTO;A-4208;RIO DE JANEIRO;RJ;S
COBRANCA;A-4214;JUNDIAI;SP;B
FATURAMENTO;A-4214;JUNDIAI;SP;S
COBRANCA;A-4216;JUNDIAI;SP;B
FATURAMENTO;A-4216;JUNDIAI;SP;S
COBRANCA;A-4218;SAO PAULO;SP;B
FATURAMENTO;A-4218;SAO PAULO;SP;S
COBRANCA;A-4222;CASSILANDIA;MS;B
FATURAMENTO;A-4222;CASSILANDIA;MS;S
COBRANCA;A-4224;CAMPO GRANDE;MS;B
FATURAMENTO;A-4224;CAMPO GRANDE;MS;S
COBRANCA;A-4226;SALVADOR;BA;B
FATURAMENTO;A-4226;SALVADOR;BA;S
COBRANCA;A-4236;SAO PAULO;SP;B
FATURAMENTO;A-4236;SAO PAULO;SP;S
COBRANCA;A-4244;OSASCO;SP;B
FATURAMENTO;A-4244;OSASCO;SP;S
COBRANCA;A-4252;SAO JOSE DOS CAMPOS;SP;B
FATURAMENTO;A-4252;SAO JOSE DOS CAMPOS;SP;S
COBRANCA;A-4254;BOA VISTA;RR;B
FATURAMENTO;A-4254;BOA VISTA;RR;S
COBRANCA;A-4256;SAO PAULO;SP;B
FATURAMENTO;A-4256;SAO PAULO;SP;S
COBRANCA;A-4260;CUNHA;SP;B
FATURAMENTO;A-4260;CUNHA;SP;S
COBRANCA;A-4262;SAO PAULO;SP;B
FATURAMENTO;A-4262;SAO PAULO;SP;S
COBRANCA;A-4268;BRASILIA;DF;B
FATURAMENTO;A-4268;BRASILIA;DF;S
COBRANCA;A-4272;BARUERI;SP;B
FATURAMENTO;A-4272;BARUERI;SP;S
COBRANCA;A-4276;SAO PAULO;SP;B
FATURAMENTO;A-4276;SAO PAULO;SP;S
COBRANCA;A-4278;RIO DE JANEIRO;RJ;B
FATURAMENTO;A-4278;RIO DE JANEIRO;RJ;S
COBRANCA;A-4294;BARUERI;SP;B
FATURAMENTO;A-4294;BARUERI;SP;S
COBRANCA;A-4300;SAO PAULO;SP;B
FATURAMENTO;A-4300;SAO PAULO;SP;S
COBRANCA;A-4304;SERRA;ES;B
FATURAMENTOS;A-4304;SERRA;ES;S
COBRANCA;A-4306;OSASCO;SP;B
FATURAMENTO;A-4306;OSASCO;SP;S
COBRANCA;A-4308;SAO PAULO;SP;B
FATURAMENTO;A-4308;SAO PAULO;SP;S
COBRANCA;A-4310;COTIA;SP;B
FATURAMENTO;A-4310;COTIA;SP;S
COBRANCA;A-4314;RIO DE JANEIRO;RJ;B
FATURAMENTO;A-4314;RIO DE JANEIRO;RJ;S
COBRANCA;A-4316;DUQUE DE CAXIAS;RJ;B
FATURAMENTO;A-4316;DUQUE DE CAXIAS;RJ;S
COBRANCA;A-4326;SALVADOR;BA;B
FATURAMENTO;A-4326;SALVADOR;BA;S
ENTREGA PB;A-4326;JoAo Pessoa;PB;S
COBRANCA;A-4328;SAO PAULO;SP;B
FATURAMENTO;A-4328;SAO PAULO;SP;S
COBRANCA;A-4330;RIO BRANCO;AC;B
FATURAMENTO;A-4330;RIO BRANCO;AC;S
COBRANCA;A-4340;LONDRINA;PR;B
FATUAMENTO;A-4340;LONDRINA;PR;S
COBRANCA;A-4342;SAO PAULO;SP;B
FATURAMENTO;A-4342;SAO PAULO;SP;S
COBRANCA;A-4348;CURITIBA;PR;B
FATURAMENTO;A-4348;CURITIBA;PR;S
COBRANCA;A-4350;SAO JOSE DO RIO PRETO;SP;B
FATURAMENTO;A-4350;SAO JOSE DO RIO PRETO;SP;S
COBRANCA;A-4354;PIRACICABA;SP;B
FATURAMENTO;A-4354;PIRACICABA;SP;S
COBRANCA;A-4356;SAO PAULO;SP;B
FATURAMENTO;A-4356;SAO PAULO;SP;S
COBRANCA;A-4360;SUZANO;SP;B
FATURAMENTO;A-4360;SUZANO;SP;S
COBRANCA;A-4366;SAO PAULO;SP;B
FATURAMENTO;A-4366;SAO PAULO;SP;S
COBRANCA;A-4368;RIO DE JANEIRO;RJ;B
FATURAMENTO;A-4368;RIO DE JANEIRO;RJ;S
COBRANCA;A-4370;RIO DE JANEIRO;RJ;B
FATURAMENTO;A-4370;RIO DE JANEIRO;RJ;S
COBRANCA;A-4380;SAO PAULO;SP;B
FATURAMENTO;A-4380;SAO PAULO;SP;S
COBRANCA;A-4382;SAO PAULO;SP;B
FATURAMENTO;A-4382;SAO PAULO;SP;S
COBRANCA;A-4390;PINHAO;PR;B
FATURAMENTO;A-4390;PINHAO;PR;S
COBRANCA;A-4392;RIO DE JANEIRO;RJ;B
FATURAMENTO;A-4392;RIO DE JANEIRO;RJ;S
COBRANCA;A-4396;FEIRA DE SANTANA;BA;B
FATURAMENTO;A-4396;FEIRA DE SANTANA;BA;S
COBRANCA;A-4398;PORTO ALEGRE;RS;B
FATURAMENTO;A-4398;PORTO ALEGRE;RS;S
COBRANCA;A-4402;BELEM;PA;B
FATURAMENTO;A-4402;BELEM;PA;S
COBRANCA;A-4404;PORTO ALEGRE;RS;B
FATURAMENTO;A-4404;PORTO ALEGRE;RS;S
COBRANCA;A-4406;SAO PAULO;SP;B
FATURAMENTO;A-4406;SAO PAULO;SP;S
COBRANCA;A-4410;SAO PAULO;SP;B
FATURAMENTO;A-4410;SAO PAULO;SP;S
COBRANCA;A-4414;SAO PAULO;SP;B
FATURAMENTO;A-4414;SAO PAULO;SP;S
COBRANCA;A-4416;SAO PAULO;SP;B
FATURAMENTO;A-4416;SAO PAULO;SP;S
COBRANCA;A-4418;SALVADOR;BA;B
FATURAMENTO;A-4418;SALVADOR;BA;S
COBRANCA;A-4420;SAO PAULO;SP;B
FATURAMENTO;A-4420;SAO PAULO;SP;S
COBRANCA;A-4422;SAO PAULO;SP;B
FATURAMENTO;A-4422;SAO PAULO;SP;S
COBRANCA;A-4424;SAO PAULO;SP;B
FATURAMENTO;A-4424;SAO PAULO;SP;S
COBRANCA;A-4426;RIO DE JANEIRO;RJ;B
FATURAMENTO;A-4426;RIO DE JANEIRO;RJ;S
COBRANCA;A-4428;SAO PAULO;SP;B
FATURAMENTO;A-4428;SAO PAULO;SP;S
COBRANCA;A-4430;SAO PAULO;SP;B
FATURAMENTO;A-4430;SAO PAULO;SP;S
COBRANCA;A-4432;MOGI DAS CRUZES;SP;B
FATURAMENTO;A-4432;MOGI DAS CRUZES;SP;S
COBRANCA;A-4436;SAO PAULO;SP;B
FATURAMENTO;A-4436;SAO PAULO;SP;S
COBRANCA;A-4438;SAO PAULO;SP;B
FATURAMENTO;A-4438;SAO PAULO;SP;S
COBRANCA;A-4450;SAO LUIS;MA;B
FATURAMENTO;A-4450;SAO LUIS;MA;S
COBRANCA;A-4452;SAO JOSE DOS CAMPOS;SP;B
FATURAMENTO;A-4452;SAO JOSE DOS CAMPOS;SP;S
COBRANCA;A-4454;CURITIBA;PR;B
FATURAMENTO;A-4454;CURITIBA;PR;S
COBRANCA;A-4458;SAO PAULO;SP;B
FATURAMENTO;A-4458;SAO PAULO;SP;S
COBRANCA;A-4460;SAO PAULO;SP;B
FATURAMENTO;A-4460;SAO PAULO;SP;S
COBRANCA;A-4462;RIO DE JANEIRO;RJ;B
FATURAMENTO;A-4462;RIO DE JANEIRO;RJ;S
COBRANCA;A-4470;GUARULHOS;SP;B
FATURAMENTO;A-4470;GUARULHOS;SP;S
COBRANCA;A-4474;RIO DE JANEIRO;RJ;B
FATURAMENTO;A-4474;RIO DE JANEIRO;RJ;S
COBRANCA;A-4476;SAO PAULO;SP;B
FATURAMENTO;A-4476;SAO PAULO;SP;S
COBRANCA;A-4480;SANTANA DE PARNAIBA;SP;B
FATURAMENTO;A-4480;SANTANA DE PARNAIBA;SP;S
COBRANCA;A-4482;SAO PAULO;SP;B
FATURAMENTO;A-4482;SAO PAULO;SP;S
COBRANCA;A-4484;ANAPOLIS;GO;B
FATURAMENTO;A-4484;ANAPOLIS;GO;S
COBRANCA;A-4486;ANANINDEUA;PA;B
FATURAMENTO;A-4486;ANANINDEUA;PA;S
COBRANCA;A-4490;SANTO ANDRE;SP;B
FATURAMENTO;A-4490;SANTO ANDRE;SP;S
COBRANCA;A-4492;SAO PAULO;SP;B
FATURAMENTO;A-4492;SAO PAULO;SP;S
COBRANCA;A-4504;RIO DE JANEIRO;RJ;B
FATURAMENTO;A-4504;RIO DE JANEIRO;RJ;S
COBRANCA;A-4508;JUNDIAI;SP;B
FATURAMENTO;A-4508;JUNDIAI;SP;S
FATURAMENTO;A-4510;SAO JOSE DOS CAMPOS;SP;S
COBRANCA;A-4510;SAO SOSE DOS CAMPOS;SP;B
COBRANCA;A-4512;CURITIBA;PR;B
FATURAMENTO;A-4512;CURITIBA;PR;S
COBRANCA;A-4516;MARABA;PA;B
FATURAMENTO;A-4516;MARABA;PA;S
COBRANCA;A-4532;RIO DE JANEIRO;RJ;B
FATURAMENTO;A-4532;RIO DE JANEIRO;RJ;S
COBRANCA;A-4534;FRANCA;SP;B
FATURAMENTO;A-4534;FRANCA;SP;S
COBRANCA;A-4536;FORTALEZA;CE;B
FATURAMENTO;A-4536;FORTALEZA;CE;S
COBRANCA;A-4540;RIO DE JANEIRO;RJ;B
FATURAMENTO;A-4540;RIO DE JANEIRO;RJ;S
COBRANCA;A-4564;MANAUS;AM;B
FATURAMENTO;A-4564;MANAUS;AM;S
COBRANCA;A-4566;SAO PAULO;SP;B
FATURAMENTO;A-4566;SAO PAULO;SP;S
COBRANCA;A-4570;SAo Paulo;SP;B
FATURAMENTO;A-4570;SAo Paulo;SP;S
COBRANCA;A-4574;GUARAPUAVA;PR;B
FATURAMENTO;A-4574;GUARAPUAVA;PR;S
COBRANCA;A-4578;SAO PAULO;SP;B
FATURAMENTO;A-4578;SAO PAULO;SP;S
COBRANCA;A-4580;SERRA;ES;B
FATURAMENTO;A-4580;SERRA;ES;S
COBRANCA;A-4582;POUSO ALEGRE;MG;B
FATURAMENTO;A-4582;POUSO ALEGRE;MG;S
COBRANCA;A-4594;SAO PAULO;SP;B
FATURAMENTO;A-4594;SAO PAULO;SP;S
COBRANCA;A-4596;SAO JOSE DOS CAMPOS;SP;B
FATURAMENTO;A-4596;SAO JOSE DOS CAMPOS;SP;S
COBRANCA;A-4602;SAO PAULO;SP;B
FATURAMENTO;A-4602;SAO PAULO;SP;S
COBRANCA;A-4604;ARARAQUARA;SP;B
FATURAMENTO;A-4604;ARARAQUARA;SP;S
COBRANCA;A-4608;SAo Paulo;SP;B
FATURAMENTO;A-4608;SAo Paulo;SP;S
COBRANCA;A-4610;SANTOS;SP;B
FATURAMENTO;A-4610;SANTOS;SP;S
COBRANCA;A-4622;QUATRO BARRAS;PR;B
FATURAMENTO;A-4622;QUATRO BARRAS;PR;S
COBRANCA;A-4624;SAO PAULO;SP;B
FATURAMENTO;A-4624;SAO PAULO;SP;S
COBRANCA;A-4626;RIO DE JANEIRO;RJ;B
FATURAMENTO;A-4626;RIO DE JANEIRO;RJ;S
COBRANCA;A-4628;SAO PAULO;SP;B
FATURAMENTO;A-4628;SAO PAULO;SP;S
COBRANCA;A-4632;RIO CLARO;SP;B
FATURAMENTO;A-4632;RIO CLARO;SP;S
COBRANCA;A-4636;NITEROI;RJ;B
FATURAMENTO;A-4636;NITEROI;RJ;S
COBRANCA;A-4650;IRECE;BA;B
FATURAMENTO;A-4650;IRECE;BA;S
COBRANCA;A-4656;JACAREI;SP;B
FATURAMENTO;A-4656;JACAREI;SP;S
COBRANCA;A-4662;SAO JOSE DO RIO PARDO;SP;B
FATURAMENTO;A-4662;SAO JOSE DO RIO PARDO;SP;S
COBRANCA;A-4664;SAO PAULO;SP;B
FATURAMENTO;A-4664;SAO PAULO;SP;S
COBRANCA;A-4668;SAO PAULO;SP;B
FATURAMENTO;A-4668;SAO PAULO;SP;S
COBRANCA;A-4676;CURITIBA;PR;B
FATURAMENTO;A-4676;CURITIBA;PR;S
COBRANCA;A-4686;ITABUNA;BA;B
FATURAMENTO;A-4686;ITABUNA;BA;S
COBRANCA;A-4692;SALVADOR;BA;B
FATURAMENTO;A-4692;SALVADOR;BA;S
COBRANCA;A-4702;SALVADOR;BA;B
FATURAMENTO;A-4702;SALVADOR;BA;S
COBRANCA;A-4706;SALVADOR;BA;B
FATURAMENTO;A-4706;SALVADOR;BA;S
COBRANCA;A-4728;BELEM;PA;B
FATURAMENTO;A-4728;BELEM;PA;S
COBRANCA;A-4732;SALVADOR;BA;B
FATURAMENTO;A-4732;SALVADOR;BA;S
COBRANCA;A-4736;SAO PAULO;SP;B
FATURAMENTO;A-4736;SAO PAULO;SP;S
COBRANCA;A-4744;LONDRINA;PR;B
FATURAMENTO;A-4744;LONDRINA;PR;S
COBRANCA;A-4746;RIO DE JANEIRO;RJ;B
FATURAMENTO;A-4746;RIO DE JANEIRO;RJ;S
COBRANCA;A-4754;SAO PAULO;SP;B
FATURAMENTO;A-4754;SAO PAULO;SP;S
COBRANCA;A-4760;Salvador;BA;B
FATURAMENTO;A-4760;Salvador;BA;S
COBRANCA;A-4764;SAO PAULO;SP;B
FATURAMENTO;A-4764;SAO PAULO;SP;S
COBRANCA;A-4768;SAO PAULO;SP;B
FATURAMENTO;A-4768;SAO PAULO;SP;S
COBRANCA;A-4790;RIO DE JANEIRO;RJ;B
FATURAMENTO;A-4790;RIO DE JANEIRO;RJ;S
COBRANCA;A-4792;BARUERI;SP;B
FATURAMENTO;A-4792;BARUERI;SP;S
COBRANCA;A-4794;RIO DE JANEIRO;RJ;B
FATURAMENTO;A-4794;RIO DE JANEIRO;RJ;S
COBRANCA;A-4800;SAO PAULO;SP;B
FATURAMENTO;A-4800;SAO PAULO;SP;S
COBRANCA;A-4806;BRASILIA;DF;B
FATURAMENTO;A-4806;BRASILIA;DF;S
COBRANCA;A-4808;RIO DE JANEIRO;RJ;B
FATURAMENTO;A-4808;RIO DE JANEIRO;RJ;S
COBRANCA;A-4810;RIO DE JANEIRO;RJ;B
FATURAMENTO;A-4810;RIO DE JANEIRO;RJ;S
COBRANCA;A-4814;SAO LUIS;MA;B
FATURAMENTO;A-4814;SAO LUIS;MA;S
COBRANCA;A-4822;PIRAJUI;SP;B
FATURAMENTO;A-4822;PIRAJUI;SP;S
COBRANCA;A-4830;FLORIANOPOLIS;SC;B
FATURAMENTO;A-4830;FLORIANOPOLIS;SC;S
COBRANCA;A-4840;CURITIBA;PR;B
FATURAMENTO;A-4840;CURITIBA;PR;S
COBRANCA;A-4844;FLORIANOPOLIS;SC;B
FATURAMENTO;A-4844;FLORIANOPOLIS;SC;S
COBRANCA;A-4846;SAO PAULO;SP;B
FATURAMENTO;A-4846;SAO PAULO;SP;S
COBRANCA;A-4848;SAO JOSE DOS CAMPOS;SP;B
FATURAMENTO;A-4848;SAO JOSE DOS CAMPOS;SP;S
COBRANCA;A-4862;PORTO ALEGRE;RS;B
FATURAMENTO;A-4862;PORTO ALEGRE;RS;S
COBRANCA;A-4868;SAO PAULO;SP;B
FATURAMENTO;A-4868;SAO PAULO;SP;S
COBRANCA;A-4876;CAIEIRAS;SP;B
FATURAMENTO;A-4876;CAIEIRAS;SP;S
COBRANCA;A-4878;SAO JOSE DOS CAMPOS;SP;B
FATURAMENTO;A-4878;SAO JOSE DOS CAMPOS;SP;S
COBRANCA;A-4880;VILA VELHA;ES;B
FATURAMENTO;A-4880;VILA VELHA;ES;S
COBRANCA;A-4886;SAO PAULO;SP;B
FATURAMENTO;A-4886;SAO PAULO;SP;S
COBRANCA;A-4890;SALVADOR;BA;B
FATURAMENTO;A-4890;SALVADOR;BA;S
COBRANCA;A-4898;SALVADOR;BA;B
FATURAMENTO;A-4898;SALVADOR;BA;S
COBRANCA;A-4904;SAO PAULO;SP;B
FATURAMENTO;A-4904;SAO PAULO;SP;S
COBRANCA;A-4910;GRAMADO;RS;B
FATURAMENTO;A-4910;GRAMADO;RS;S
COBRANCA;A-4912;PRAIA GRANDE;SP;B
FATURAMENTO;A-4912;PRAIA GRANDE;SP;S
COBRANCA;A-4920;SAO PAULO;SP;B
FATURAMENTO;A-4920;SAO PAULO;SP;S
COBRANCA;A-4934;SAO PAULO;SP;B
FATURAMENTO;A-4934;SAO PAULO;SP;S
COBRANCA;A-4936;SAO PAULO;SP;B
FATURAMENTO;A-4936;SAO PAULO;SP;S
COBRANCA;A-4942;COTIA;SP;B
FATURAMENTO;A-4942;COTIA;SP;S
COBRANCA;A-4954;BARREIRAS;BA;B
FATURAMENTO;A-4954;BARREIRAS;BA;S
COBRANCA;A-4964;SAO PAULO;SP;B
FATURAMENTO;A-4964;SAO PAULO;SP;S
COBRANCA;A-4974;SAO PAULO;SP;B
FATURAMENTO;A-4974;SAO PAULO;SP;S
COBRANCA;A-4982;RIO DE JANEIRO;RJ;B
FATURAMENTO;A-4982;RIO DE JANEIRO;RJ;S
COBRANCA;A-4996;SAO PAULO;SP;B
FATURAMENTO;A-4996;SAO PAULO;SP;S
COBRANCA;A-5002;SAO PAULO;SP;B
FATURAMENTO;A-5002;SAO PAULO;SP;S
COBRANCA;A-5016;SAO JOAO DO PIAUI;PI;B
FATURAMENTO;A-5016;SAO JOAO DO PIAUI;PI;S
COBRANCA;A-5018;BELEM;PA;B
FATURAMENTO;A-5018;BELEM;PA;S
COBRANCA;A-5020;GUARULHOS;SP;B
FATURAMENTO;A-5020;GUARULHOS;SP;S
COBRANCA;A-5024;SAO PAULO;SP;B
FATURAMENTO;A-5024;SAO PAULO;SP;S
COBRANCA;A-5030;SAO PAULO;SP;B
ENTREGA;A-5030;SAO PAULO;SP;S
COBRANCA;A-5038;SAO PAULO;SP;B
FATURAMENTO;A-5038;SAO PAULO;SP;S
COBRANCA;A-5050;SAO PAULO;SP;B
FATURAMENTO;A-5050;SAO PAULO;SP;S
COBRANCA;A-5056;SAO PAULO;SP;B
FATURAMENTO;A-5056;SAO PAULO;SP;S
COBRANCA;A-5062;CURITIBA;PR;B
FATURAMENTO;A-5062;CURITIBA;PR;S
COBRANCA;A-5074;SALVADOR;BA;B
FATURAMENTO;A-5074;SALVADOR;BA;S
COBRANCA;A-5078;PALMAS;TO;B
FATURAMENTO;A-5078;PALMAS;TO;S
COBRANCA;A-5080;SALVADOR;BA;B
FATURAMENTO;A-5080;SALVADOR;BA;S
COBRANCA;A-5088;SALVADOR;BA;B
FATURAMENTO;A-5088;SALVADOR;BA;S
COBRANCA;A-5096;SALVADOR;BA;B
FATURAMENTO;A-5096;SALVADOR;BA;S
COBRANCA;A-5110;SALVADOR;BA;B
FATURAMENTO;A-5110;SALVADOR;BA;S
COBRANCA;A-5112;Salvador;BA;B
FATURAMENTO;A-5112;Salvador;BA;S
COBRANCA;A-5114;CURITIBA;PR;B
FATURAMENTO;A-5114;CURITIBA;PR;S
COBRANCA;A-5120;NITEROI;RJ;B
FATURAMENTO;A-5120;NITEROI;RJ;S
COBRANCA;A-5122;SAO PAULO;SP;B
FATURAMENTO;A-5122;SAO PAULO;SP;S
COBRANCA;A-5132;SAO PAULO;SP;B
FATURAMENTO;A-5132;SAO PAULO;SP;S
COBRANCA;A-5150;SAO PAULO;SP;B
FATURAMETNO;A-5150;SAO PAULO;SP;S
COBRANCA;A-5158;SAO PAULO;SP;B
FATURAMENTO;A-5158;SAO PAULO;SP;S
COBRANCA;A-5160;SALVADOR;BA;B
FATURAMENTO;A-5160;SALVADOR;BA;S
COBRANCA;A-5164;SAO PAULO;SP;B
FATURAMENTO;A-5164;SAO PAULO;SP;S
COBRANCA;A-5168;SAO PAULO;SP;B
FATURAMENTO;A-5168;SAO PAULO;SP;S
COBRANCA;A-5178;SAO PAULO;SP;B
FATURAMENTO;A-5178;SAO PAULO;SP;S
COBRANCA;A-5186;CURITIBA;PR;B
FATURAMENTO;A-5186;CURITIBA;PR;S
COBRANCA;A-5196;RIO DE JANEIRO;RJ;B
FATURAMENTO;A-5196;RIO DE JANEIRO;RJ;S
COBRANCA;A-5218;RIBEIRAO PIRES;SP;B
FATURAMENTO;A-5218;RIBEIRAO PIRES;SP;S
COBRANCA;A-5222;RIO DE JANEIRO;RJ;B
FATURAMENTO;A-5222;RIO DE JANEIRO;RJ;S
COBRANCA;A-5224;BELEM;PA;B
FATURAMENTO;A-5224;BELEM;PA;S
COBRANCA;A-5228;BELEM;PA;B
FATURAMENTO;A-5228;BELEM;PA;S
COBRANCA;A-5232;RECIFE;PE;B
ENTREGA;A-5232;RECIFE;PE;S
COBRANCA;A-5256;MARICA;RJ;B
FATURAMENTO;A-5256;MARICA;RJ;S
COBRANCA;A-5258;SALVADOR;BA;B
FATURAMENTO;A-5258;SALVADOR;BA;S
COBRANCA;A-5280;CARIACICA;ES;B
FATURAMENTO;A-5280;CARIACICA;ES;S
COBRANCA;A-5284;BRASILIA;DF;B
FATURAMENTO;A-5284;BRASILIA;DF;S
FATURAMENTO;A-5292;SALVADOR;BA;B
FATURAMENTO;A-5292;SALVADOR;BA;S
COBRANCA;A-5294;SAO PAULO;SP;B
FATURAMENTO;A-5294;SAO PAULO;SP;S
COBRANCA;A-5298;SAO PAULO;SP;B
FATURAMENTO;A-5298;SAO PAULO;SP;S
COBRANCA;A-5316;SALVADOR;BA;B
FATURAMENTO;A-5316;SALVADOR;BA;S
COBRANCA;A-5318;BRASILIA;DF;B
FATURAMENTO;A-5318;BRASILIA;DF;S
COBRANCA;A-5320;SANTO ANDRE;SP;B
FATURAMENTO;A-5320;SANTO ANDRE;SP;S
COBRANCA;A-5326;CUIABA;MT;B
FATURAMENTO;A-5326;CUIABA;MT;S
COBRANCA;A-5334;SAO CAETANO DO SUL;SP;B
FATURAMENTO;A-5334;SAO CAETANO DO SUL;SP;S
COBRANCA;A-5342;SAO PAULO;SP;B
FATURAMENTO;A-5342;SAO PAULO;SP;S
COBRANCA;A-5352;ITAPEVI;SP;B
FATURAMENTO;A-5352;ITAPEVI;SP;S
COBRANCA;A-5360;SAO PAULO;SP;B
FATURAMENTO;A-5360;SAO PAULO;SP;S
COBRANCA;A-5364;SAO PAULO;SP;B
FATURAMENTO;A-5364;SAO PAULO;SP;S
COBRANCA;A-5366;RIO DE JANEIRO;RJ;B
ENTREGA;A-5366;RIO DE JANEIRO;RJ;S
COBRANCA;A-5374;SANTALUZ;BA;B
FATURAMENTO;A-5374;SANTALUZ;BA;S
COBRANCA;A-5376;MOGI DAS CRUZES;SP;B
ENTREGA;A-5376;MOGI DAS CRUZES;SP;S
COBRANCA;A-5388;SANTA MARIA;RS;B
FATURAMENTO;A-5388;SANTA MARIA;RS;S
COBRANCA;A-5392;SUZANO;SP;B
FATURAMENTO;A-5392;SUZANO;SP;S
COBRANCA;A-5414;SAO PAULO;SP;B
FATURAMENTO;A-5414;SAO PAULO;SP;S
COBRANCA;A-5424;IRECE;BA;B
ENTREGA;A-5424;IRECE;BA;S
COBRANCA;A-5428;SALVADOR;BA;B
FATURAMNTO;A-5428;SALVADOR;BA;S
COBRANCA;A-5462;BELO HORIZONTE;MG;B
FATURAMENTO;A-5462;BELO HORIZONTE;MG;S
COBRANCA;A-5464;CAMPINAS;SP;B
FATURAMENTO;A-5464;CAMPINAS;SP;S
COBRANCA;A-5484;SAO PAULO;SP;B
FATURAMENTO;A-5484;SAO PAULO;SP;S
COBRANCA;A-5486;ARARAS;SP;B
FATURAMENTO;A-5486;ARARAS;SP;S
COBRANCA;A-5496;CURITIBA;PR;B
ENTREGA;A-5496;CURITIBA;PR;S
COBRANCA;A-5498;SALVADOR;BA;B
FATURAMENTO;A-5498;SALVADOR;BA;S
COBRANCA;A-5506;SAO PAULO;SP;B
FATURAMENTO;A-5506;SAO PAULO;SP;S
COBRANCA;A-5528;RIO DE JANEIRO;RJ;B
FATURAMENTO;A-5528;RIO DE JANEIRO;RJ;S
COBRANCA;A-5530;BRASILIA;DF;B
FATURAMENTO;A-5530;BRASILIA;DF;S
COBRANCA;A-5546;SAO PAULO;SP;B
FATURAMENTO;A-5546;SAO PAULO;SP;S
COBRANCA;A-5550;GUARULHOS;SP;B
FATURAMENTO;A-5550;GUARULHOS;SP;S
COBRANCA;A-5554;CAMPINAS;SP;B
FATURAMENTO;A-5554;CAMPINAS;SP;S
COBRANCA;A-5560;ATIBAIA;SP;B
FATURAMENTO;A-5560;ATIBAIA;SP;S
COBRANCA;A-5574;SANTO ANDRE;SP;B
FATURAMENTO;A-5574;SANTO ANDRE;SP;S
COBRANCA;A-5578;ARIQUEMES;RO;B
FATURAMENTO;A-5578;ARIQUEMES;RO;S
COBRANCA;A-5580;SAO PAULO;SP;B
FATURAMENTO;A-5580;SAO PAULO;SP;S
COBRANCA;A-5582;SAO BERNARDO DO CAMPO;SP;B
FATURAMENTO;A-5582;SAO BERNARDO DO CAMPO;SP;S
COBRANCA;A-5594;SAO PAULO;SP;B
FATURAMENTO;A-5594;SAO PAULO;SP;S
COBRANCA;A-5598;RECIFE;PE;B
FATURAMENTO;A-5598;RECIFE;PE;S
COBRANCA;A-5606;RIO DE JANEIRO;RJ;B
FATURAMENTO;A-5606;RIO DE JANEIRO;RJ;S
COBRANCA;A-5638;SAO PAULO;SP;B
FATURAMENTO;A-5638;SAO PAULO;SP;S
COBRANCA;A-5652;ANAPOLIS;GO;B
FATURAMENTO;A-5652;ANAPOLIS;GO;S
COBRANCA;A-5656;SAO PAULO;SP;B
FATURAMENTO;A-5656;SAO PAULO;SP;S
COBRANCA;A-5660;OSASCO;SP;B
FATURAMENTO;A-5660;OSASCO;SP;S
COBRANCA;A-5674;COTIA;SP;B
FATURAMENTO;A-5674;COTIA;SP;S
COBRANCA;A-5692;SAO PAULO;SP;B
FATURAMENTO;A-5692;SAO PAULO;SP;S
COBRANCA;A-5726;CURITIBA;PR;B
FATURAMENTO;A-5726;CURITIBA;PR;S
COBRANCA;A-5746;CURITIBA;PR;B
FATURAMENTO;A-5746;CURITIBA;PR;S
COBRANCA;A-5756;ANGRA DOS REIS;RJ;B
FATURAMENTO;A-5756;ANGRA DOS REIS;RJ;S
COBRANCA;A-5770;COTIA;SP;B
FATURAMENTO;A-5770;COTIA;SP;S
COBRANCA;A-5782;NITEROI;RJ;B
FATURAMENTO;A-5782;NITEROI;RJ;S
COBRANCA;A-5788;ACRELANDIA;AC;B
FATURAMENTO;A-5788;ACRELANDIA;AC;S
COBRANCA;A-5796;NOVA IGUACU;RJ;B
FATURAMENTO;A-5796;NOVA IGUACU;RJ;S
COBRANCA;A-5800;BRASILIA;DF;B
FATURAMENTO;A-5800;BRASILIA;DF;S
COBRANCA;A-5804;CURITIBA;PR;B
FATURAMENTO;A-5804;CURITIBA;PR;S
COBRANCA;A-5806;SAO PAULO;SP;B
FATURAMENTO;A-5806;SAO PAULO;SP;S
COBRANCA;A-5810;SAO PAULO;SP;B
FATURAMENTO;A-5810;SAO PAULO;SP;S
COBRANCA;A-5830;CURITIBA;PR;B
FATURAMENTO;A-5830;CURITIBA;PR;S
COBRANCA;A-5834;SAO PAULO;SP;B
FATURAMENTO;A-5834;SAO PAULO;SP;S
COBRANCA;A-5836;CAMPO GRANDE;MS;B
FATURAMENTO;A-5836;CAMPO GRANDE;MS;S
COBRANCA;A-5848;SAO PAULO;SP;B
FATURAMENTO;A-5848;SAO PAULO;SP;S
COBRANCA;A-5866;SAO PAULO;SP;B
FATURAMENTO;A-5866;SAO PAULO;SP;S
COBRANCA;A-5870;GARANHUNS;PE;B
FATURAMENTO;A-5870;GARANHUNS;PE;S
COBRANCA;A-5872;SAO PAULO;SP;B
FATURAMENTO;A-5872;SAO PAULO;SP;S
COBRANCA;A-5884;SAO PAULO;SP;B
FATURAMENTO;A-5884;SAO PAULO;SP;S
COBRANCA;A-5890;SAO PAULO;SP;B
FATURAMENTO;A-5890;SAO PAULO;SP;S
COBRANCA;A-5898;AGUAS LINDAS DE GOIAS;GO;B
FATURAMENTO;A-5898;AGUAS LINDAS DE GOIAS;GO;S
COBRANCA;A-5906;EUSEBIO;CE;B
FATURAMENTO;A-5906;EUSEBIO;CE;S
COBRANCA;A-5908;MARINGA;PR;B
FATURAMENTO;A-5908;MARINGA;PR;S
COBRANCA;A-5916;CARAPICUIBA;SP;B
FATURAMENTO;A-5916;CARAPICUIBA;SP;S
COBRANCA;A-5926;SAO JOSE DO RIO PRETO;SP;B
FATURAMENTO;A-5926;SAO JOSE DO RIO PRETO;SP;S
COBRANCA;A-5946;SAO PAULO;SP;B
FATURAMENTO;A-5946;SAO PAULO;SP;S
COBRANCA;A-5972;ANAPOLIS;GO;B
FATURAMENTO;A-5972;ANAPOLIS;GO;S
COBRANCA;A-6008;SAO PAULO;SP;B
FATURAMENTO;A-6008;SAO PAULO;SP;S
COBRANCA;A-6010;DIADEMA;SP;B
FATURAMENTO;A-6010;DIADEMA;SP;S
COBRANCA;A-6016;ILHEUS;BA;B
FATURAMENTO;A-6016;ILHEUS;BA;S
COBRANCA;A-6022;SAO PAULO;SP;B
FATURAMENTO;A-6022;SAO PAULO;SP;S
COBRANCA;A-6024;SAO PAULO;SP;B
FATURAMENTO;A-6024;SAO PAULO;SP;S
COBRANCA;A-6032;CANOAS;RS;B
FATURAMENTO;A-6032;CANOAS;RS;S
COBRANCA;A-6042;LAPA;PR;B
FATURAMENTO;A-6042;LAPA;PR;S
COBRANCA;A-6054;DOURADOS;MS;B
FATURAMENTO;A-6054;DOURADOS;MS;S
COBRANCA;A-6058;RIBEIRAO PRETO;SP;B
FATURAMENTO;A-6058;RIBEIRAO PRETO;SP;S
COBRANCA;A-6060;CRUZ DAS ALMAS;BA;B
FATURAMENTO;A-6060;CRUZ DAS ALMAS;BA;S
COBRANCA;A-6066;BELO HORIZONTE;MG;B
FATURAMENTO;A-6066;BELO HORIZONTE;MG;S
COBRANCA;A-6070;SAO PAULO;SP;B
FATURAMENTO;A-6070;SAO PAULO;SP;S
COBRANCA;A-6072;SAO PAULO;SP;B
FATURAMENTO;A-6072;SAO PAULO;SP;S
COBRANCA;A-6080;RIO DE JANEIRO;RJ;B
FATURAMENTO;A-6080;RIO DE JANEIRO;RJ;S
COBRANCA;A-6094;VITORIA;ES;B
FATURAMENTO;A-6094;VITORIA;ES;S
COBRANCA;A-6096;SAO PAULO;SP;B
FATURAMENTO;A-6096;SAO PAULO;SP;S
COBRANCA;A-6114;RIO DE JANEIRO;RJ;B
FATURAMENTO;A-6114;RIO DE JANEIRO;RJ;S
COBRANCA;A-6122;SAO PAULO;SP;B
FATURAMENTO;A-6122;SAO PAULO;SP;S
COBRANCA;A-6150;SAO PAULO;SP;B
FATURAMENTO;A-6150;SAO PAULO;SP;S
COBRANCA;A-6156;SAO PAULO;SP;B
FATURAMENTO;A-6156;SAO PAULO;SP;S
COBRANCA;A-6162;SAO PAULO;SP;B
FATURAMENTO;A-6162;SAO PAULO;SP;S
COBRANCA;A-6166;FORTALEZA;CE;B
FATURAMENTO;A-6166;FORTALEZA;CE;S
ENTREGA SE;A-6166;ARACAJU;SE;S
COBRANCA;A-6178;RIO DE JANEIRO;RJ;B
FATURAMENTO;A-6178;RIO DE JANEIRO;RJ;S
COBRANCA;A-6182;SAo Paulo;SP;B
FATURAMENTO;A-6182;SAo Paulo;SP;S
COBRANCA;A-6194;SAO PAULO;SP;B
FATURAMENTO;A-6194;SAO PAULO;SP;S
COBRANCA;A-6196;RIO DE JANEIRO;RJ;B
FATURAMENTO;A-6196;RIO DE JANEIRO;RJ;S
COBRANCA;A-6198;RIO DE JANEIRO;RJ;B
FATURAMENTO;A-6198;RIO DE JANEIRO;RJ;S
COBRANCA;A-6218;BRASILIA;DF;B
FATURAMENTO;A-6218;BRASILIA;DF;S
COBRANCA;A-6224;SANTO ANDRE;SP;B
FATURAMENTO;A-6224;SANTO ANDRE;SP;S
COBRANCA;A-6230;SAO PAULO;SP;B
FATURAMENTO;A-6230;SAO PAULO;SP;S
COBRANCA;A-6238;SAO BERNARDO DO CAMPO;SP;B
FATURAMENTO;A-6238;SAO BERNARDO DO CAMPO;SP;S
COBRANCA;A-6280;SAO PAULO;SP;B
FATURAMENTO;A-6280;SAO PAULO;SP;S
COBRANCA;A-6282;RIO DE JANEIRO;RJ;B
FATURAMENTO;A-6282;RIO DE JANEIRO;RJ;S
COBRANCA;A-6314;QUEIMADAS;BA;B
FATURAMENTO;A-6314;QUEIMADAS;BA;S
COBRANCA;A-6316;RIO DE JANEIRO;RJ;B
FATURAMENTO;A-6316;RIO DE JANEIRO;RJ;S
COBRANCA;A-6320;DIADEMA;SP;B
FATURAMENTO;A-6320;DIADEMA;SP;S
COBRANCA;A-6356;LAGES;RS;B
FATURAMENTO;A-6356;LAGES;RS;S
COBRANCA;A-6360;CAPAO BONITO;SP;B
FATURAMENTO;A-6360;CAPAO BONITO;SP;S
COBRANCA;A-6374;MONTES CLAROS;MG;B
FATURAMENTO;A-6374;MONTES CLAROS;MG;S
COBRANCA;A-6376;SAO PAULO;SP;B
FATURAMENTO;A-6376;SAO PAULO;SP;S
COBRANCA;A-6378;SAO PAULO;SP;B
FATURAMENTO;A-6378;SAO PAULO;SP;S
COBRANCA;A-6388;SAO PAULO;SP;B
FATURAMENTO;A-6388;SAO PAULO;SP;S
COBRANCA;A-6396;BELEM;PA;B
FATURAMENTO;A-6396;BELEM;PA;S
COBRANCA;A-6408;VARZEA PAULISTA;SP;B
FATURAMENTO;A-6408;VARZEA PAULISTA;SP;S
COBRANCA;A-6418;SALVADOR;BA;B
FATURAMENTO;A-6418;SALVADOR;BA;S
COBRANCA;A-6444;SAO PAULO;SP;B
FATURAMENTO;A-6444;SAO PAULO;SP;S
COBRANCA;A-6446;OSASCO;SP;B
FATURAMENTO;A-6446;OSASCO;SP;S
COBRANCA;A-6448;SAO PAULO;SP;B
FATURAMENTO;A-6448;SAO PAULO;SP;S
COBRANCA;A-6462;Rio de Janeiro;RJ;B
COBRANCA;A-6462;Rio de Janeiro;RJ;S
FATURAMENTO;A-6462;Rio de Janeiro;RJ;S
COBRANCA;A-6468;CURITIBA;PR;B
FATURAMENTO;A-6468;CURITIBA;PR;S
COBRANCA;A-6482;RECIFE;PE;B
FATURAMENTO;A-6482;RECIFE;PE;S
COBRANCA;A-6514;SALVADOR;BA;B
FATURAMENTO;A-6514;SALVADOR;BA;S
COBRANCA;A-6520;RIO DE JANEIRO;RJ;B
FATURAMENTO;A-6520;RIO DE JANEIRO;RJ;S
COBRANCA;A-6538;RIBEIRAO PRETO;SP;B
FATURAMENTO;A-6538;RIBEIRAO PRETO;SP;S
COBRANCA;A-6540;SAO PAULO;SP;B
FATURAMENTO;A-6540;SAO PAULO;SP;S
COBRANCA;A-6564;JABOATAO DOS GUARARAPES;PE;B
FATURAMENTO;A-6564;JABOATAO DOS GUARARAPES;PE;S
COBRANCA;A-6594;PORTO ALEGRE;RS;B
FATURAMENTO;A-6594;PORTO ALEGRE;RS;S
COBRANCA;A-6596;RIO DE JANEIRO;RJ;B
FATURAMENTO;A-6596;RIO DE JANEIRO;RJ;S
COBRANCA;A-6614;FORTALEZA;CE;B
FATURAMENTO;A-6614;FORTALEZA;CE;S
COBRANCA;A-6638;BARRA DO PIRAI;RJ;B
FATURAMENTO;A-6638;BARRA DO PIRAI;RJ;S
COBRANCA;A-6648;COTIA;SP;B
FATURAMENTO;A-6648;COTIA;SP;S
COBRANCA;A-6654;RIO DE JANEIRO;RJ;B
FATURAMENTO;A-6654;RIO DE JANEIRO;RJ;S
COBRANCA;A-6656;RESENDE;RJ;B
FATURAMENTO;A-6656;RESENDE;RJ;S
COBRANCA;A-6664;SAO PAULO;SP;B
FATURAMENTO;A-6664;SAO PAULO;SP;S
COBRANCA;A-6670;SANTO ANTONIO DE PADUA;RJ;B
FATURAMENTO;A-6670;SANTO ANTONIO DE PADUA;RJ;S
COBRANCA;A-6674;SAO PAULO;SP;B
FATURAMENTO;A-6674;SAO PAULO;SP;S
COBRANCA;A-6714;SALVADOR;BA;B
FATURAMENTO;A-6714;SALVADOR;BA;S
COBRANCA;A-6720;SANTO ANTONIO DE JESUS;BA;B
FATURAMENTO;A-6720;SANTO ANTONIO DE JESUS;BA;S
COBRANCA;A-6740;PASSO FUNDO;RS;B
FATURAMENTO;A-6740;PASSO FUNDO;RS;S
COBRANCA;A-6746;SAO PAULO;SP;B
FATURAMENTO;A-6746;SAO PAULO;SP;S
COBRANCA;A-6752;BARUERI;SP;B
FATURAMENTO;A-6752;BARUERI;SP;S
COBRANCA;A-6756;SALVADOR;BA;B
FATURAMENTO;A-6756;SALVADOR;BA;S
COBRANCA;A-6760;CURITIBA;PR;B
FATURAMENTO;A-6760;CURITIBA;PR;S
COBRANCA;A-6762;SAO PAULO;SP;B
FATURAMENTO;A-6762;SAO PAULO;SP;S
COBRANCA;A-6778;RIO DE JANEIRO;RJ;B
FATURAMENTO;A-6778;RIO DE JANEIRO;RJ;S
COBRANCA;A-6782;BRASILIA;DF;B
FATURAMENTO;A-6782;BRASILIA;DF;S
COBRANCA;A-6816;PORTO VELHO;RO;B
FATURAMENTO;A-6816;PORTO VELHO;RO;S
COBRANCA;A-6842;SAo Paulo;SP;B
FATURAMENTO;A-6842;SAo Paulo;SP;S
COBRANCA;A-6846;BRASILIA;DF;B
FATURAMENTO;A-6846;BRASILIA;DF;S
COBRANCA;A-6854;SAO PAULO;SP;B
FATURAMENTO;A-6854;SAO PAULO;SP;S
COBRANCA;A-6856;TOLEDO;PR;B
FATURAMENTO;A-6856;TOLEDO;PR;S
COBRANCA;A-6872;SAO PAULO;SP;B
FATURAMENTO;A-6872;SAO PAULO;SP;S
COBRANCA;A-6906;BALNEARIO CAMBORIU;SC;B
FATURAMENTO;A-6906;BALNEARIO CAMBORIU;SC;S
COBRANCA;A-6924;CURITIBA;PR;B
FATURAMENTO;A-6924;CURITIBA;PR;S
COBRANCA;A-6942;SENHOR DO BONFIM;BA;B
FATURAMENTO;A-6942;SENHOR DO BONFIM;BA;S
COBRANCA;A-6946;VILA VELHA;ES;B
FATURAMENTO;A-6946;VILA VELHA;ES;S
COBRANCA;A-6954;ANANINDEUA;PA;B
FATURAMENTO;A-6954;ANANINDEUA;PA;S
COBRANCA;A-6958;SAO PAULO;SP;B
FATURAMENTO;A-6958;SAO PAULO;SP;S
COBRANCA;A-6970;SAO PAULO;SP;B
FATURAMENTO;A-6970;SAO PAULO;SP;S
COBRANCA;A-6980;SANTO ANDRE;SP;B
FATURAMENTO;A-6980;SANTO ANDRE;SP;S
COBRANCA;A-6986;VITORIA;ES;B
FATURAMENTO;A-6986;VITORIA;ES;S
COBRANCA;A-6988;VITORIA;ES;B
FATURAMENTO;A-6988;VITORIA;ES;S
COBRANCA;A-6990;SAO PAULO;SP;B
FATURAMENTO;A-6990;SAO PAULO;SP;S
COBRANCA;A-6998;SAO PAULO;SP;B
FATURAMENTO;A-6998;SAO PAULO;SP;S
COBRANCA;A-7000;BRASILIA;DF;B
FATURAMENTO;A-7000;BRASILIA;DF;S
COBRANCA;A-7002;MOGI DAS CRUZES;SP;B
FATURAMENTO;A-7002;MOGI DAS CRUZES;SP;S
COBRANCA;A-7028;SAO PAULO;SP;B
FATURAMENTO;A-7028;SAO PAULO;SP;S
COBRANCA;A-7030;SAO PAULO;SP;B
FATURAMENTO;A-7030;SAO PAULO;SP;S
COBRANCA;A-7070;SALVADOR;BA;B
FATURAMENTO;A-7070;SALVADOR;BA;S
COBRANCA;A-7072;JABOATAO DOS GUARARAPES;PE;B
FATURAMENTO;A-7072;JABOATAO DOS GUARARAPES;PE;S
COBRANCA;A-7078;ACAILANDIA;MA;B
FATURAMENTO;A-7078;ACAILANDIA;MA;S
COBRANCA;A-7084;SAO PAULO;SP;B
ENTREGA;A-7084;SAO PAULO;SP;S
COBRANCA;A-7136;PASSO FUNDO;RS;B
FATURAMENTO;A-7136;PASSO FUNDO;RS;S
COBRANCA;A-7140;SAO PAULO;SP;B
FATURAMENTO;A-7140;SAO PAULO;SP;S
COBRANCA;A-7152;BRASILIA;DF;B
FATURAMENTO;A-7152;BRASILIA;DF;S
COBRANCA;A-7158;SAO PAULO;SP;B
FATURAMENTO;A-7158;SAO PAULO;SP;S
COBRANCA;A-7168;BELO HORIZONTE;MG;B
FATURAMENTO;A-7168;BELO HORIZONTE;MG;S
COBRANCA;A-7184;RIO DE JANEIRO;RJ;B
FATURAMENTO;A-7184;RIO DE JANEIRO;RJ;S
COBRANCA;A-7208;ANAPOLIS;GO;B
FATURAMENTO;A-7208;ANAPOLIS;GO;S
COBRANCA;A-7222;BRASILIA;DF;B
FATURAMENTO;A-7222;BRASILIA;DF;S
COBRANCA;A-7240;SAO PAULO;SP;B
FATURAMENTO;A-7240;SAO PAULO;SP;S
COBRANCA;A-7260;RIO DE JANEIRO;RJ;B
FATURAMENTO;A-7260;RIO DE JANEIRO;RJ;S
COBRANCA;A-7268;BELO HORIZONTE;MG;B
FATURAMENTO;A-7268;BELO HORIZONTE;MG;S
COBRANCA;A-7270;SAO PAULO;SP;B
FATURAMENTO;A-7270;SAO PAULO;SP;S
COBRANCA;A-7286;SALTO;SP;B
FATURAMENTO;A-7286;SALTO;SP;S
COBRANCA;A-7290;SAO PAULO;SP;B
FATURAMENTO;A-7290;SAO PAULO;SP;S
COBRANCA;A-7294;RIO DE JANEIRO;RJ;B
FATURAMENTO;A-7294;RIO DE JANEIRO;RJ;S
COBRANCA;A-7312;SAO PAULO;SP;B
FATURAMENTO;A-7312;SAO PAULO;SP;S
COBRANCA;A-7318;CURITIBA;PR;B
COBRANCA;A-7318;CURITIBA;PR;S
COBRANCA;A-7334;RIO DE JANEIRO;RJ;B
FATURAMENTO;A-7334;RIO DE JANEIRO;RJ;S
COBRANCA;A-7344;MOSSORO;RN;B
FATURAMENTO;A-7344;MOSSORO;RN;S
COBRANCA;A-7360;SAO JOSE DOS CAMPOS;SP;B
FATURAMENTO;A-7360;SAO JOSE DOS CAMPOS;SP;S
COBRANCA;A-7368;SAO PAULO;SP;B
FATURAMENTO;A-7368;SAO PAULO;SP;S
COBRANCA;A-7370;CAUCAIA;CE;B
FATURAMENTO;A-7370;CAUCAIA;CE;S
COBRANCA;A-7382;SAO PAULO;SP;B
FATURAMENTO;A-7382;SAO PAULO;SP;S
COBRANCA;A-7394;SAPUCAIA;RJ;B
FATURAMENTO;A-7394;SAPUCAIA;RJ;S
